-15,-10,-15,20,40,45,45,85,40,20,1
-60,-75,-70,-75,-40,-20,-15,-15,25,-20,0
35,-25,-40,-35,-40,-5,15,20,20,60,0
0,35,-25,-40,-35,-40,-5,15,20,20,0
-15,-15,20,-40,-55,-50,-55,-20,0,5,0
-15,-30,-30,5,-55,-70,-65,-70,-35,-15,0
25,10,-5,-5,30,-30,-45,-40,-45,-10,0
10,35,20,5,5,40,-20,-35,-30,-35,0
30,40,65,50,35,35,70,10,-5,0,0
-10,20,30,55,40,25,25,60,0,-15,0
-75,-85,-55,-45,-20,-35,-50,-50,-15,-75,0
20,-55,-65,-35,-25,0,-15,-30,-30,5,0
55,75,0,-10,20,30,55,40,25,25,0
-35,20,40,-35,-45,-15,-5,20,5,-10,0
35,0,55,75,0,-10,20,30,55,40,0
-5,30,-5,50,70,-5,-15,15,25,50,0
0,-5,30,-5,50,70,-5,-15,15,25,0
-30,-30,-35,0,-35,20,40,-35,-45,-15,0
5,-25,-25,-30,5,-30,25,45,-30,-40,0
-20,-15,-45,-45,-50,-15,-50,5,25,-50,0
40,20,25,-5,-5,-10,25,-10,45,65,0
15,55,35,40,10,10,5,40,5,60,0
15,30,70,50,55,25,25,20,55,20,0
35,50,65,105,85,90,60,60,55,90,0
-20,15,30,45,85,65,70,40,40,35,0
20,0,35,50,65,105,85,90,60,60,0
20,40,20,55,70,85,125,105,110,80,0
0,20,40,20,55,70,85,125,105,110,0
-20,-20,0,20,0,35,50,65,105,85,0
25,5,5,25,45,25,60,75,90,130,0
-10,15,-5,-5,15,35,15,50,65,80,1
-35,-45,-20,-40,-40,-20,0,-20,15,30,1
20,-15,-25,0,-20,-20,0,20,0,35,1
10,30,-5,-15,10,-10,-10,10,30,10,1
10,20,40,5,-5,20,0,0,20,40,1
15,25,35,55,20,10,35,15,15,35,1
-45,-30,-20,-10,10,-25,-35,-10,-30,-30,1
-25,-70,-55,-45,-35,-15,-50,-60,-35,-55,1
-45,-70,-115,-100,-90,-80,-60,-95,-105,-80,1
15,-30,-55,-100,-85,-75,-65,-45,-80,-90,1
-25,-10,-55,-80,-125,-110,-100,-90,-70,-105,1
-20,-45,-30,-75,-100,-145,-130,-120,-110,-90,1
-20,-40,-65,-50,-95,-120,-165,-150,-140,-130,1
0,-20,-40,-65,-50,-95,-120,-165,-150,-140,1
-35,-35,-55,-75,-100,-85,-130,-155,-200,-185,1
15,-20,-20,-40,-60,-85,-70,-115,-140,-185,1
-10,5,-30,-30,-50,-70,-95,-80,-125,-150,1
55,45,60,25,25,5,-15,-40,-25,-70,1
-70,-15,-25,-10,-45,-45,-65,-85,-110,-95,1
-5,-75,-20,-30,-15,-50,-50,-70,-90,-115,1
-5,-10,-80,-25,-35,-20,-55,-55,-75,-95,1
-15,-20,-25,-95,-40,-50,-35,-70,-70,-90,1
-15,-30,-35,-40,-110,-55,-65,-50,-85,-85,1
-95,-110,-125,-130,-135,-205,-150,-160,-145,-180,0
135,40,25,10,5,0,-70,-15,-25,-10,0
20,155,60,45,30,25,20,-50,5,-5,0
20,40,175,80,65,50,45,40,-30,25,0
70,90,110,245,150,135,120,115,110,40,0
-5,65,85,105,240,145,130,115,110,105,0
60,55,125,145,165,300,205,190,175,170,0
-15,45,40,110,130,150,285,190,175,160,1
-20,-35,25,20,90,110,130,265,170,155,1
-10,-30,-45,15,10,80,100,120,255,160,1
10,0,-20,-35,25,20,90,110,130,265,1
35,45,35,15,0,60,55,125,145,165,1
-35,0,10,0,-20,-35,25,20,90,110,1
-45,-80,-45,-35,-45,-65,-80,-20,-25,45,1
5,-40,-75,-40,-30,-40,-60,-75,-15,-20,1
-5,0,-45,-80,-45,-35,-45,-65,-80,-20,1
-5,-10,-5,-50,-85,-50,-40,-50,-70,-85,0
-10,-15,-20,-15,-60,-95,-60,-50,-60,-80,0
140,130,125,120,125,80,45,80,90,80,0
30,170,160,155,150,155,110,75,110,120,0
-15,15,155,145,140,135,140,95,60,95,0
-10,-25,5,145,135,130,125,130,85,50,0
95,85,70,100,240,230,225,220,225,180,0
-65,30,20,5,35,175,165,160,155,160,1
-35,-100,-5,-15,-30,0,140,130,125,120,1
-15,-50,-115,-20,-30,-45,-15,125,115,110,1
-50,-65,-100,-165,-70,-80,-95,-65,75,65,1
-15,-65,-80,-115,-180,-85,-95,-110,-80,60,1
-65,-80,-130,-145,-180,-245,-150,-160,-175,-145,1
35,-30,-45,-95,-110,-145,-210,-115,-125,-140,1
0,35,-30,-45,-95,-110,-145,-210,-115,-125,1
0,0,35,-30,-45,-95,-110,-145,-210,-115,1
20,20,20,55,-10,-25,-75,-90,-125,-190,1
20,40,40,40,75,10,-5,-55,-70,-105,1
10,30,50,50,50,85,20,5,-45,-60,1
-35,-25,-5,15,15,15,50,-15,-30,-80,1
-25,-60,-50,-30,-10,-10,-10,25,-40,-55,1
5,-20,-55,-45,-25,-5,-5,-5,30,-35,1
15,20,-5,-40,-30,-10,10,10,10,45,1
35,50,55,30,-5,5,25,45,45,45,1
-25,10,25,30,5,-30,-20,0,20,20,1
-10,-35,0,15,20,-5,-40,-30,-10,10,1
-70,-80,-105,-70,-55,-50,-75,-110,-100,-80,0
195,125,115,90,125,140,145,120,85,95,0
-10,185,115,105,80,115,130,135,110,75,0
-20,-30,165,95,85,60,95,110,115,90,0
-5,-25,-35,160,90,80,55,90,105,110,0
5,0,-20,-30,165,95,85,60,95,110,0
-25,-20,-25,-45,-55,140,70,60,35,70,0
-5,-30,-25,-30,-50,-60,135,65,55,30,0
-30,-35,-60,-55,-60,-80,-90,105,35,25,0
30,0,-5,-30,-25,-30,-50,-60,135,65,0
15,45,15,10,-15,-10,-15,-35,-45,150,0
20,35,65,35,30,5,10,5,-15,-25,0
-25,-5,10,40,10,5,-20,-15,-20,-40,0
0,-25,-5,10,40,10,5,-20,-15,-20,0
0,0,-25,-5,10,40,10,5,-20,-15,0
-15,-15,-15,-40,-20,-5,25,-5,-10,-35,0
0,-15,-15,-15,-40,-20,-5,25,-5,-10,0
-15,-15,-30,-30,-30,-55,-35,-20,10,-20,0
40,25,25,10,10,10,-15,5,20,50,0
-5,35,20,20,5,5,5,-20,0,15,0
-15,-20,20,5,5,-10,-10,-10,-35,-15,0
15,0,-5,35,20,20,5,5,5,-20,0
50,65,50,45,85,70,70,55,55,55,0
15,65,80,65,60,100,85,85,70,70,0
-10,5,55,70,55,50,90,75,75,60,0
-15,-25,-10,40,55,40,35,75,60,60,0
-20,-35,-45,-30,20,35,20,15,55,40,0
20,0,-15,-25,-10,40,55,40,35,75,0
45,65,45,30,20,35,85,100,85,80,0
35,80,100,80,65,55,70,120,135,120,0
-20,15,60,80,60,45,35,50,100,115,0
10,-10,25,70,90,70,55,45,60,110,0
-5,5,-15,20,65,85,65,50,40,55,0
15,10,20,0,35,80,100,80,65,55,0
-45,-30,-35,-25,-45,-10,35,55,35,20,0
0,-45,-30,-35,-25,-45,-10,35,55,35,0
55,55,10,25,20,30,10,45,90,110,0
5,60,60,15,30,25,35,15,50,95,0
5,10,65,65,20,35,30,40,20,55,0
-10,-5,0,55,55,10,25,20,30,10,0
-10,-20,-15,-10,45,45,0,15,10,20,0
30,20,10,15,20,75,75,30,45,40,0
15,45,35,25,30,35,90,90,45,60,0
-25,-10,20,10,0,5,10,65,65,20,0
10,-15,0,30,20,10,15,20,75,75,0
-5,5,-20,-5,25,15,5,10,15,70,0
20,15,25,0,15,45,35,25,30,35,0
10,30,25,35,10,25,55,45,35,40,1
-30,-20,0,-5,5,-20,-5,25,15,5,1
-5,-35,-25,-5,-10,0,-25,-10,20,10,1
15,10,-20,-10,10,5,15,-10,5,35,1
-30,-15,-20,-50,-40,-20,-25,-15,-40,-25,1
-10,-40,-25,-30,-60,-50,-30,-35,-25,-50,1
-15,-25,-55,-40,-45,-75,-65,-45,-50,-40,0
0,-15,-25,-55,-40,-45,-75,-65,-45,-50,0
10,10,-5,-15,-45,-30,-35,-65,-55,-35,0
30,40,40,25,15,-15,0,-5,-35,-25,0
-5,25,35,35,20,10,-20,-5,-10,-40,0
5,0,30,40,40,25,15,-15,0,-5,0
10,15,10,40,50,50,35,25,-5,10,0
5,15,20,15,45,55,55,40,30,0,0
10,15,25,30,25,55,65,65,50,40,0
0,10,15,25,30,25,55,65,65,50,0
5,5,15,20,30,35,30,60,70,70,0
10,15,15,25,30,40,45,40,70,80,0
35,45,50,50,60,65,75,80,75,105,0
10,45,55,60,60,70,75,85,90,85,1
-130,-120,-85,-75,-70,-70,-60,-55,-45,-40,1
25,-105,-95,-60,-50,-45,-45,-35,-30,-20,1
35,60,-70,-60,-25,-15,-10,-10,0,5,1
10,45,70,-60,-50,-15,-5,0,0,10,1
-5,5,40,65,-65,-55,-20,-10,-5,-5,1
-25,-30,-20,15,40,-90,-80,-45,-35,-30,1
-25,-50,-55,-45,-10,15,-115,-105,-70,-60,1
-40,-65,-90,-95,-85,-50,-25,-155,-145,-110,0
35,-5,-30,-55,-60,-50,-15,10,-120,-110,0
-15,20,-20,-45,-70,-75,-65,-30,-5,-135,0
35,20,55,15,-10,-35,-40,-30,5,30,0
-15,20,5,40,0,-25,-50,-55,-45,-10,0
-20,-35,0,-15,20,-20,-45,-70,-75,-65,0
65,45,30,65,50,85,45,20,-5,-10,0
60,125,105,90,125,110,145,105,80,55,0
25,85,150,130,115,150,135,170,130,105,0
-25,0,60,125,105,90,125,110,145,105,0
165,140,165,225,290,270,255,290,275,310,0
-25,140,115,140,200,265,245,230,265,250,0
15,-10,155,130,155,215,280,260,245,280,0
5,20,-5,160,135,160,220,285,265,250,1
-60,-55,-40,-65,100,75,100,160,225,205,1
25,-35,-30,-15,-40,125,100,125,185,250,1
-60,-35,-95,-90,-75,-100,65,40,65,125,1
25,-35,-10,-70,-65,-50,-75,90,65,90,1
10,35,-25,0,-60,-55,-40,-65,100,75,1
-20,-10,15,-45,-20,-80,-75,-60,-85,80,1
0,-20,-10,15,-45,-20,-80,-75,-60,-85,1
0,0,-20,-10,15,-45,-20,-80,-75,-60,1
20,20,20,0,10,35,-25,0,-60,-55,1
-35,-15,-15,-15,-35,-25,0,-60,-35,-95,1
100,65,85,85,85,65,75,100,40,65,1
35,135,100,120,120,120,100,110,135,75,1
-75,-40,60,25,45,45,45,25,35,60,1
-40,-115,-80,20,-15,5,5,5,-15,-5,1
-5,-45,-120,-85,15,-20,0,0,0,-20,1
30,25,-15,-90,-55,45,10,30,30,30,1
-10,20,15,-25,-100,-65,35,0,20,20,1
30,20,50,45,5,-70,-35,65,30,50,1
25,55,45,75,70,30,-45,-10,90,55,1
25,50,80,70,100,95,55,-20,15,115,1
-40,-15,10,40,30,60,55,15,-60,-25,1
10,-30,-5,20,50,40,70,65,25,-50,1
-30,-20,-60,-35,-10,20,10,40,35,-5,1
-15,-45,-35,-75,-50,-25,5,-5,25,20,1
5,-10,-40,-30,-70,-45,-20,10,0,30,1
-25,-20,-35,-65,-55,-95,-70,-45,-15,-25,1
-80,-105,-100,-115,-145,-135,-175,-150,-125,-95,0
20,-60,-85,-80,-95,-125,-115,-155,-130,-105,0
50,70,-10,-35,-30,-45,-75,-65,-105,-80,0
-25,25,45,-35,-60,-55,-70,-100,-90,-130,0
-30,-55,-5,15,-65,-90,-85,-100,-130,-120,0
-15,-45,-70,-20,0,-80,-105,-100,-115,-145,0
20,5,-25,-50,0,20,-60,-85,-80,-95,0
35,55,40,10,-15,35,55,-25,-50,-45,0
-5,30,50,35,5,-20,30,50,-30,-55,0
-35,-40,-5,15,0,-30,-55,-5,15,-65,0
10,-25,-30,5,25,10,-20,-45,5,25,0
30,40,5,0,35,55,40,10,-15,35,0
35,65,75,40,35,70,90,75,45,20,0
-15,20,50,60,25,20,55,75,60,30,0
0,-15,20,50,60,25,20,55,75,60,1
-25,-25,-40,-5,25,35,0,-5,30,50,1
-40,-65,-65,-80,-45,-15,-5,-40,-45,-10,1
-35,-75,-100,-100,-115,-80,-50,-40,-75,-80,1
5,-30,-70,-95,-95,-110,-75,-45,-35,-70,1
-30,-25,-60,-100,-125,-125,-140,-105,-75,-65,1
10,-20,-15,-50,-90,-115,-115,-130,-95,-65,1
-15,-5,-35,-30,-65,-105,-130,-130,-145,-110,1
10,-5,5,-25,-20,-55,-95,-120,-120,-135,1
-45,-35,-50,-40,-70,-65,-100,-140,-165,-165,1
10,-35,-25,-40,-30,-60,-55,-90,-130,-155,1
-30,-20,-65,-55,-70,-60,-90,-85,-120,-160,1
-20,-50,-40,-85,-75,-90,-80,-110,-105,-140,1
10,-10,-40,-30,-75,-65,-80,-70,-100,-95,1
10,20,0,-30,-20,-65,-55,-70,-60,-90,1
10,20,30,10,-20,-10,-55,-45,-60,-50,1
-30,-20,-10,0,-20,-50,-40,-85,-75,-90,1
10,-20,-10,0,10,-10,-40,-30,-75,-65,1
-30,-20,-50,-40,-30,-20,-40,-70,-60,-105,1
-5,-35,-25,-55,-45,-35,-25,-45,-75,-65,0
5,0,-30,-20,-50,-40,-30,-20,-40,-70,0
15,20,15,-15,-5,-35,-25,-15,-5,-25,0
0,15,20,15,-15,-5,-35,-25,-15,-5,0
-30,-30,-15,-10,-15,-45,-35,-65,-55,-45,0
15,-15,-15,0,5,0,-30,-20,-50,-40,0
20,35,5,5,20,25,20,-10,0,-30,0
-20,0,15,-15,-15,0,5,0,-30,-20,0
0,-20,0,15,-15,-15,0,5,0,-30,0
-15,-15,-35,-15,0,-30,-30,-15,-10,-15,0
15,0,0,-20,0,15,-15,-15,0,5,0
10,25,10,10,-10,10,25,-5,-5,10,0
30,40,55,40,40,20,40,55,25,25,0
10,40,50,65,50,50,30,50,65,35,1
-60,-50,-20,-10,5,-10,-10,-30,-10,5,1
0,-60,-50,-20,-10,5,-10,-10,-30,-10,1
-25,-25,-85,-75,-45,-35,-20,-35,-35,-55,1
0,-25,-25,-85,-75,-45,-35,-20,-35,-35,1
10,10,-15,-15,-75,-65,-35,-25,-10,-25,1
-10,0,0,-25,-25,-85,-75,-45,-35,-20,1
-5,-15,-5,-5,-30,-30,-90,-80,-50,-40,1
0,-5,-15,-5,-5,-30,-30,-90,-80,-50,1
-15,-15,-20,-30,-20,-20,-45,-45,-105,-95,1
-55,-70,-70,-75,-85,-75,-75,-100,-100,-160,1
-30,-85,-100,-100,-105,-115,-105,-105,-130,-130,1
5,-25,-80,-95,-95,-100,-110,-100,-100,-125,1
-25,-20,-50,-105,-120,-120,-125,-135,-125,-125,1
-20,-45,-40,-70,-125,-140,-140,-145,-155,-145,1
25,5,-20,-15,-45,-100,-115,-115,-120,-130,1
-55,-30,-50,-75,-70,-100,-155,-170,-170,-175,1
35,-20,5,-15,-40,-35,-65,-120,-135,-135,1
10,45,-10,15,-5,-30,-25,-55,-110,-125,1
-5,5,40,-15,10,-10,-35,-30,-60,-115,1
35,30,40,75,20,45,25,0,5,-25,1
-25,10,5,15,50,-5,20,0,-25,-20,1
20,-5,30,25,35,70,15,40,20,-5,1
15,35,10,45,40,50,85,30,55,35,1
-45,-30,-10,-35,0,-5,5,40,-15,10,1
-45,-90,-75,-55,-80,-45,-50,-40,-5,-60,1
10,-35,-80,-65,-45,-70,-35,-40,-30,5,1
-70,-60,-105,-150,-135,-115,-140,-105,-110,-100,1
10,-60,-50,-95,-140,-125,-105,-130,-95,-100,1
45,55,-15,-5,-50,-95,-80,-60,-85,-50,1
-5,40,50,-20,-10,-55,-100,-85,-65,-90,1
45,40,85,95,25,35,-10,-55,-40,-20,1
-70,-25,-30,15,25,-45,-35,-80,-125,-110,1
-35,-105,-60,-65,-20,-10,-80,-70,-115,-160,0
10,-25,-95,-50,-55,-10,0,-70,-60,-105,0
55,65,30,-40,5,0,45,55,-15,-5,0
15,70,80,45,-25,20,15,60,70,0,0
-15,0,55,65,30,-40,5,0,45,55,0
15,0,15,70,80,45,-25,20,15,60,0
120,135,120,135,190,200,165,95,140,135,0
25,145,160,145,160,215,225,190,120,165,0
25,50,170,185,170,185,240,250,215,145,0
5,30,55,175,190,175,190,245,255,220,0
110,115,140,165,285,300,285,300,355,365,0
-125,-15,-10,15,40,160,175,160,175,230,0
215,90,200,205,230,255,375,390,375,390,0
-5,210,85,195,200,225,250,370,385,370,0
-25,-30,185,60,170,175,200,225,345,360,0
95,70,65,280,155,265,270,295,320,440,0
-85,10,-15,-20,195,70,180,185,210,235,0
15,-70,25,0,-5,210,85,195,200,225,0
15,30,-55,40,15,10,225,100,210,215,0
-10,5,20,-65,30,5,0,215,90,200,0
-5,-15,0,15,-70,25,0,-5,210,85,0
10,5,-5,10,25,-60,35,10,5,220,0
40,50,45,35,50,65,-20,75,50,45,0
20,60,70,65,55,70,85,0,95,70,0
50,70,110,120,115,105,120,135,50,145,0
-20,30,50,90,100,95,85,100,115,30,0
10,-10,40,60,100,110,105,95,110,125,0
85,95,75,125,145,185,195,190,180,195,0
-25,60,70,50,100,120,160,170,165,155,0
80,55,140,150,130,180,200,240,250,245,0
25,105,80,165,175,155,205,225,265,275,1
-50,-25,55,30,115,125,105,155,175,215,1
5,-45,-20,60,35,120,130,110,160,180,1
-35,-30,-80,-55,25,0,85,95,75,125,1
15,-20,-15,-65,-40,40,15,100,110,90,1
-35,-20,-55,-50,-100,-75,5,-20,65,75,1
-20,-55,-40,-75,-70,-120,-95,-15,-40,45,1
10,-10,-45,-30,-65,-60,-110,-85,-5,-30,1
-5,5,-15,-50,-35,-70,-65,-115,-90,-10,1
-20,-25,-15,-35,-70,-55,-90,-85,-135,-110,1
-5,-25,-30,-20,-40,-75,-60,-95,-90,-140,1
-30,-35,-55,-60,-50,-70,-105,-90,-125,-120,1
-15,-45,-50,-70,-75,-65,-85,-120,-105,-140,1
5,-10,-40,-45,-65,-70,-60,-80,-115,-100,1
45,50,35,5,0,-20,-25,-15,-35,-70,1
10,55,60,45,15,10,-10,-15,-5,-25,1
10,20,65,70,55,25,20,0,-5,5,1
-25,-15,-5,40,45,30,0,-5,-25,-30,1
-10,-35,-25,-15,30,35,20,-10,-15,-35,1
-45,-55,-80,-70,-60,-15,-10,-25,-55,-60,1
-45,-90,-100,-125,-115,-105,-60,-55,-70,-100,1
-40,-85,-130,-140,-165,-155,-145,-100,-95,-110,1
25,-15,-60,-105,-115,-140,-130,-120,-75,-70,1
40,65,25,-20,-65,-75,-100,-90,-80,-35,1
-30,10,35,-5,-50,-95,-105,-130,-120,-110,1
0,-30,10,35,-5,-50,-95,-105,-130,-120,1
-25,-25,-55,-15,10,-30,-75,-120,-130,-155,1
-25,-50,-50,-80,-40,-15,-55,-100,-145,-155,1
10,-15,-40,-40,-70,-30,-5,-45,-90,-135,1
5,15,-10,-35,-35,-65,-25,0,-40,-85,1
-35,-30,-20,-45,-70,-70,-100,-60,-35,-75,1
0,-35,-30,-20,-45,-70,-70,-100,-60,-35,1
-5,-5,-40,-35,-25,-50,-75,-75,-105,-65,1
30,25,25,-10,-5,5,-20,-45,-45,-75,1
0,30,25,25,-10,-5,5,-20,-45,-45,1
-10,-10,20,15,15,-20,-15,-5,-30,-55,1
10,0,0,30,25,25,-10,-5,5,-20,1
10,20,10,10,40,35,35,0,5,15,1
-10,0,10,0,0,30,25,25,-10,-5,1
-5,-15,-5,5,-5,-5,25,20,20,-15,1
-20,-25,-35,-25,-15,-25,-25,5,0,0,1
30,10,5,-5,5,15,5,5,35,30,1
15,45,25,20,10,20,30,20,20,50,1
0,15,45,25,20,10,20,30,20,20,1
-20,-20,-5,25,5,0,-10,0,10,0,1
5,-15,-15,0,30,10,5,-5,5,15,1
-15,-10,-30,-30,-15,15,-5,-10,-20,-10,1
-20,-35,-30,-50,-50,-35,-5,-25,-30,-40,1
-10,-30,-45,-40,-60,-60,-45,-15,-35,-40,1
5,-5,-25,-40,-35,-55,-55,-40,-10,-30,1
-10,-5,-15,-35,-50,-45,-65,-65,-50,-20,1
-35,-45,-40,-50,-70,-85,-80,-100,-100,-85,1
5,-30,-40,-35,-45,-65,-80,-75,-95,-95,1
-15,-10,-45,-55,-50,-60,-80,-95,-90,-110,1
-25,-40,-35,-70,-80,-75,-85,-105,-120,-115,1
-10,-35,-50,-45,-80,-90,-85,-95,-115,-130,0
15,5,-20,-35,-30,-65,-75,-70,-80,-100,0
-5,10,0,-25,-40,-35,-70,-80,-75,-85,0
50,45,60,50,25,10,15,-20,-30,-25,0
10,60,55,70,60,35,20,25,-10,-20,1
-125,-115,-65,-70,-55,-65,-90,-105,-100,-135,1
-30,-155,-145,-95,-100,-85,-95,-120,-135,-130,1
0,-30,-155,-145,-95,-100,-85,-95,-120,-135,1
-20,-20,-50,-175,-165,-115,-120,-105,-115,-140,1
20,0,0,-30,-155,-145,-95,-100,-85,-95,1
5,25,5,5,-25,-150,-140,-90,-95,-80,1
5,10,30,10,10,-20,-145,-135,-85,-90,1
25,30,35,55,35,35,5,-120,-110,-60,1
5,30,35,40,60,40,40,10,-115,-105,1
10,15,40,45,50,70,50,50,20,-105,1
-80,-70,-65,-40,-35,-30,-10,-30,-30,-60,1
-35,-115,-105,-100,-75,-70,-65,-45,-65,-65,1
-10,-45,-125,-115,-110,-85,-80,-75,-55,-75,1
-35,-45,-80,-160,-150,-145,-120,-115,-110,-90,1
15,-20,-30,-65,-145,-135,-130,-105,-100,-95,1
40,55,20,10,-25,-105,-95,-90,-65,-60,1
-30,10,25,-10,-20,-55,-135,-125,-120,-95,1
85,55,95,110,75,65,30,-50,-40,-35,0
40,125,95,135,150,115,105,70,-10,0,0
10,50,135,105,145,160,125,115,80,0,0
75,85,125,210,180,220,235,200,190,155,0
-40,35,45,85,170,140,180,195,160,150,0
70,30,105,115,155,240,210,250,265,230,0
115,185,145,220,230,270,355,325,365,380,0
50,165,235,195,270,280,320,405,375,415,0
10,60,175,245,205,280,290,330,415,385,0
30,40,90,205,275,235,310,320,360,445,0
-50,-20,-10,40,155,225,185,260,270,310,0
-10,-60,-30,-20,30,145,215,175,250,260,0
25,15,-35,-5,5,55,170,240,200,275,0
100,125,115,65,95,105,155,270,340,300,0
-50,50,75,65,15,45,55,105,220,290,0
-10,-60,40,65,55,5,35,45,95,210,0
5,-5,-55,45,70,60,10,40,50,100,0
-40,-35,-45,-95,5,30,20,-30,0,10,0
-10,-50,-45,-55,-105,-5,20,10,-40,-10,0
55,45,5,10,0,-50,50,75,65,15,0
20,75,65,25,30,20,-30,70,95,85,0
20,40,95,85,45,50,40,-10,90,115,0
-10,10,30,85,75,35,40,30,-20,80,0
-20,-30,-10,10,65,55,15,20,10,-40,0
25,5,-5,15,35,90,80,40,45,35,0
30,55,35,25,45,65,120,110,70,75,0
-15,15,40,20,10,30,50,105,95,55,1
0,-15,15,40,20,10,30,50,105,95,1
-20,-20,-35,-5,20,0,-10,10,30,85,1
15,-5,-5,-20,10,35,15,5,25,45,1
-70,-55,-75,-75,-90,-60,-35,-55,-65,-45,1
-5,-75,-60,-80,-80,-95,-65,-40,-60,-70,1
20,15,-55,-40,-60,-60,-75,-45,-20,-40,1
-15,5,0,-70,-55,-75,-75,-90,-60,-35,1
-15,-30,-10,-15,-85,-70,-90,-90,-105,-75,1
-40,-55,-70,-50,-55,-125,-110,-130,-130,-145,1
-15,-55,-70,-85,-65,-70,-140,-125,-145,-145,1
15,0,-40,-55,-70,-50,-55,-125,-110,-130,1
15,30,15,-25,-40,-55,-35,-40,-110,-95,1
15,30,45,30,-10,-25,-40,-20,-25,-95,1
-30,-15,0,15,0,-40,-55,-70,-50,-55,1
15,-15,0,15,30,15,-25,-40,-55,-35,1
15,30,0,15,30,45,30,-10,-25,-40,1
-40,-25,-10,-40,-25,-10,5,-10,-50,-65,1
0,-40,-25,-10,-40,-25,-10,5,-10,-50,1
-30,-30,-70,-55,-40,-70,-55,-40,-25,-40,1
20,-10,-10,-50,-35,-20,-50,-35,-20,-5,1
-30,-10,-40,-40,-80,-65,-50,-80,-65,-50,1
15,-15,5,-25,-25,-65,-50,-35,-65,-50,0
35,50,20,40,10,10,-30,-15,0,-30,0
30,65,80,50,70,40,40,0,15,30,0
30,60,95,110,80,100,70,70,30,45,0
25,55,85,120,135,105,125,95,95,55,1
-15,10,40,70,105,120,90,110,80,80,1
-35,-50,-25,5,35,70,85,55,75,45,1
10,-25,-40,-15,15,45,80,95,65,85,1
5,15,-20,-35,-10,20,50,85,100,70,1
-50,-45,-35,-70,-85,-60,-30,0,35,50,1
20,-30,-25,-15,-50,-65,-40,-10,20,55,1
-45,-25,-75,-70,-60,-95,-110,-85,-55,-25,1
-15,-60,-40,-90,-85,-75,-110,-125,-100,-70,0
60,45,0,20,-30,-25,-15,-50,-65,-40,0
0,60,45,0,20,-30,-25,-15,-50,-65,0
0,0,60,45,0,20,-30,-25,-15,-50,0
0,0,0,60,45,0,20,-30,-25,-15,0
70,70,70,70,130,115,70,90,40,45,0
50,120,120,120,120,180,165,120,140,90,0
0,50,120,120,120,120,180,165,120,140,0
-35,-35,15,85,85,85,85,145,130,85,0
10,-25,-25,25,95,95,95,95,155,140,0
-15,-5,-40,-40,10,80,80,80,80,140,0
15,0,10,-25,-25,25,95,95,95,95,0
30,45,30,40,5,5,55,125,125,125,0
-45,-15,0,-15,-5,-40,-40,10,80,80,0
35,-10,20,35,20,30,-5,-5,45,115,0
10,45,0,30,45,30,40,5,5,55,0
55,65,100,55,85,100,85,95,60,60,0
-35,20,30,65,20,50,65,50,60,25,0
-5,-40,15,25,60,15,45,60,45,55,0
-15,-20,-55,0,10,45,0,30,45,30,0
-10,-25,-30,-65,-10,0,35,-10,20,35,0
0,-10,-25,-30,-65,-10,0,35,-10,20,0
-5,-5,-15,-30,-35,-70,-15,-5,30,-15,0
-10,-15,-15,-25,-40,-45,-80,-25,-15,20,0
30,20,15,15,5,-10,-15,-50,5,15,0
15,45,35,30,30,20,5,0,-35,20,0
0,15,45,35,30,30,20,5,0,-35,0
15,15,30,60,50,45,45,35,20,15,0
-30,-15,-15,0,30,20,15,15,5,-10,0
-5,-35,-20,-20,-5,25,15,10,10,0,0
85,80,50,65,65,80,110,100,95,95,1
-30,55,50,20,35,35,50,80,70,65,1
-165,-195,-110,-115,-145,-130,-130,-115,-85,-95,0
-5,-170,-200,-115,-120,-150,-135,-135,-120,-90,0
0,-5,-170,-200,-115,-120,-150,-135,-135,-120,0
0,0,-5,-170,-200,-115,-120,-150,-135,-135,0
15,15,15,10,-155,-185,-100,-105,-135,-120,0
20,35,35,35,30,-135,-165,-80,-85,-115,0
10,30,45,45,45,40,-125,-155,-70,-75,0
-15,-5,15,30,30,30,25,-140,-170,-85,0
-10,-25,-15,5,20,20,20,15,-150,-180,0
50,40,25,35,55,70,70,70,65,-100,0
40,90,80,65,75,95,110,110,110,105,0
35,75,125,115,100,110,130,145,145,145,0
100,135,175,225,215,200,210,230,245,245,0
-60,40,75,115,165,155,140,150,170,185,1
-240,-300,-200,-165,-125,-75,-85,-100,-90,-70,0
35,-205,-265,-165,-130,-90,-40,-50,-65,-55,0
10,45,-195,-255,-155,-120,-80,-30,-40,-55,0
140,150,185,-55,-115,-15,20,60,110,100,0
30,170,180,215,-25,-85,15,50,90,140,0
60,90,230,240,275,35,-25,75,110,150,0
15,75,105,245,255,290,50,-10,90,125,0
45,60,120,150,290,300,335,95,35,135,0
-5,40,55,115,145,285,295,330,90,30,0
10,5,50,65,125,155,295,305,340,100,0
-40,-30,-35,10,25,85,115,255,265,300,0
-5,-45,-35,-40,5,20,80,110,250,260,0
-50,-55,-95,-85,-90,-45,-30,30,60,200,0
100,50,45,5,15,10,55,70,130,160,0
-20,80,30,25,-15,-5,-10,35,50,110,0
-75,-95,5,-45,-50,-90,-80,-85,-40,-25,0
60,-15,-35,65,15,10,-30,-20,-25,20,0
-15,45,-30,-50,50,0,-5,-45,-35,-40,0
5,-10,50,-25,-45,55,5,0,-40,-30,0
90,95,80,140,65,45,145,95,90,50,0
25,115,120,105,165,90,70,170,120,115,0
-5,20,110,115,100,160,85,65,165,115,0
-35,-40,-15,75,80,65,125,50,30,130,0
20,-15,-20,5,95,100,85,145,70,50,0
-5,15,-20,-25,0,90,95,80,140,65,0
-55,-60,-40,-75,-80,-55,35,40,25,85,0
25,-30,-35,-15,-50,-55,-30,60,65,50,0
-15,10,-45,-50,-30,-65,-70,-45,45,50,0
50,35,60,5,0,20,-15,-20,5,95,0
5,55,40,65,10,5,25,-10,-15,10,0
0,5,55,40,65,10,5,25,-10,-15,0
0,0,5,55,40,65,10,5,25,-10,0
5,5,5,10,60,45,70,15,10,30,0
-15,-10,-10,-10,-5,45,30,55,0,-5,1
-10,-25,-20,-20,-20,-15,35,20,45,-10,1
-25,-35,-50,-45,-45,-45,-40,10,-5,20,1
10,-15,-25,-40,-35,-35,-35,-30,20,5,0
20,30,5,-5,-20,-15,-15,-15,-10,40,0
0,20,30,5,-5,-20,-15,-15,-15,-10,0
-30,-30,-10,0,-25,-35,-50,-45,-45,-45,0
10,-20,-20,0,10,-15,-25,-40,-35,-35,0
-20,-10,-40,-40,-20,-10,-35,-45,-60,-55,0
45,25,35,5,5,25,35,10,0,-15,0
0,45,25,35,5,5,25,35,10,0,0
-40,-40,5,-15,-5,-35,-35,-15,-5,-30,0
-5,-45,-45,0,-20,-10,-40,-40,-20,-10,0
30,25,-15,-15,30,10,20,-10,-10,10,0
-15,15,10,-30,-30,15,-5,5,-25,-25,0
15,0,30,25,-15,-15,30,10,20,-10,0
0,15,0,30,25,-15,-15,30,10,20,0
20,20,35,20,50,45,5,5,50,30,0
5,25,25,40,25,55,50,10,10,55,0
20,25,45,45,60,45,75,70,30,30,0
15,35,40,60,60,75,60,90,85,45,0
15,30,50,55,75,75,90,75,105,100,0
-30,-15,0,20,25,45,45,60,45,75,0
-5,-35,-20,-5,15,20,40,40,55,40,0
10,5,-25,-10,5,25,30,50,50,65,0
20,30,25,-5,10,25,45,50,70,70,0
-30,-10,0,-5,-35,-20,-5,15,20,40,0
15,-15,5,15,10,-20,-5,10,30,35,0
0,15,-15,5,15,10,-20,-5,10,30,0
20,20,35,5,25,35,30,0,15,30,0
-50,-30,-30,-15,-45,-25,-15,-20,-50,-35,0
20,-30,-10,-10,5,-25,-5,5,0,-30,0
10,30,-20,0,0,15,-15,5,15,10,0
-20,-10,10,-40,-20,-20,-5,-35,-15,-5,0
25,5,15,35,-15,5,5,20,-10,10,0
-20,5,-15,-5,15,-35,-15,-15,0,-30,0
20,0,25,5,15,35,-15,5,5,20,0
0,20,0,25,5,15,35,-15,5,5,0
10,10,30,10,35,15,25,45,-5,15,0
15,25,25,45,25,50,30,40,60,10,0
20,35,45,45,65,45,70,50,60,80,0
0,20,35,45,45,65,45,70,50,60,0
-10,-10,10,25,35,35,55,35,60,40,0
20,10,10,30,45,55,55,75,55,80,1
-35,-15,-25,-25,-5,10,20,20,40,20,1
-5,-40,-20,-30,-30,-10,5,15,15,35,1
-20,-25,-60,-40,-50,-50,-30,-15,-5,-5,1
-5,-25,-30,-65,-45,-55,-55,-35,-20,-10,1
35,30,10,5,-30,-10,-20,-20,0,15,1
-35,0,-5,-25,-30,-65,-45,-55,-55,-35,1
10,-25,10,5,-15,-20,-55,-35,-45,-45,1
0,10,-25,10,5,-15,-20,-55,-35,-45,1
5,5,15,-20,15,10,-10,-15,-50,-30,1
5,10,10,20,-15,20,15,-5,-10,-45,1
0,5,10,10,20,-15,20,15,-5,-10,1
5,5,10,15,15,25,-10,25,20,0,1
20,25,25,30,35,35,45,10,45,40,1
0,20,25,25,30,35,35,45,10,45,1
0,0,20,25,25,30,35,35,45,10,1
-175,-175,-175,-155,-150,-150,-145,-140,-140,-130,1
25,-150,-150,-150,-130,-125,-125,-120,-115,-115,1
-20,5,-170,-170,-170,-150,-145,-145,-140,-135,1
5,-15,10,-165,-165,-165,-145,-140,-140,-135,1
20,25,5,30,-145,-145,-145,-125,-120,-120,1
-5,15,20,0,25,-150,-150,-150,-130,-125,1
10,5,25,30,10,35,-140,-140,-140,-120,1
-5,5,0,20,25,5,30,-145,-145,-145,1
-100,-105,-95,-100,-80,-75,-95,-70,-245,-245,1
-15,-115,-120,-110,-115,-95,-90,-110,-85,-260,1
20,5,-95,-100,-90,-95,-75,-70,-90,-65,1
-20,0,-15,-115,-120,-110,-115,-95,-90,-110,1
45,25,45,30,-70,-75,-65,-70,-50,-45,1
-10,35,15,35,20,-80,-85,-75,-80,-60,1
15,5,50,30,50,35,-65,-70,-60,-65,1
0,15,5,50,30,50,35,-65,-70,-60,1
-60,-60,-45,-55,-10,-30,-10,-25,-125,-130,0
20,-40,-40,-25,-35,10,-10,10,-5,-105,0
70,90,30,30,45,35,80,60,80,65,0
15,85,105,45,45,60,50,95,75,95,0
25,40,110,130,70,70,85,75,120,100,1
-170,-145,-130,-60,-40,-100,-100,-85,-95,-50,1
-25,-195,-170,-155,-85,-65,-125,-125,-110,-120,1
35,10,-160,-135,-120,-50,-30,-90,-90,-75,1
-100,-65,-90,-260,-235,-220,-150,-130,-190,-190,1
0,-100,-65,-90,-260,-235,-220,-150,-130,-190,0
-15,-15,-115,-80,-105,-275,-250,-235,-165,-145,0
25,10,10,-90,-55,-80,-250,-225,-210,-140,0
20,45,30,30,-70,-35,-60,-230,-205,-190,0
-5,15,40,25,25,-75,-40,-65,-235,-210,0
15,10,30,55,40,40,-60,-25,-50,-220,0
-25,-10,-15,5,30,15,15,-85,-50,-75,0
-10,-35,-20,-25,-5,20,5,5,-95,-60,0
35,25,0,15,10,30,55,40,40,-60,0
-30,5,-5,-30,-15,-20,0,25,10,10,0
50,20,55,45,20,35,30,50,75,60,0
80,130,100,135,125,100,115,110,130,155,0
5,85,135,105,140,130,105,120,115,135,0
30,35,115,165,135,170,160,135,150,145,0
30,60,65,145,195,165,200,190,165,180,0
55,85,115,120,200,250,220,255,245,220,0
30,85,115,145,150,230,280,250,285,275,0
-5,25,80,110,140,145,225,275,245,280,0
-20,-25,5,60,90,120,125,205,255,225,0
-10,-30,-35,-5,50,80,110,115,195,245,0
5,-5,-25,-30,0,55,85,115,120,200,0
75,80,70,50,45,75,130,160,190,195,0
0,75,80,70,50,45,75,130,160,190,1
-10,-10,65,70,60,40,35,65,120,150,1
20,10,10,85,90,80,60,55,85,140,1
-5,15,5,5,80,85,75,55,50,80,1
-40,-45,-25,-35,-35,40,45,35,15,10,1
-15,-55,-60,-40,-50,-50,25,30,20,0,1
-15,-30,-70,-75,-55,-65,-65,10,15,5,1
-25,-40,-55,-95,-100,-80,-90,-90,-15,-10,1
-30,-55,-70,-85,-125,-130,-110,-120,-120,-45,1
-20,-50,-75,-90,-105,-145,-150,-130,-140,-140,1
-5,-25,-55,-80,-95,-110,-150,-155,-135,-145,1
25,20,0,-30,-55,-70,-85,-125,-130,-110,1
-5,20,15,-5,-35,-60,-75,-90,-130,-135,1
10,5,30,25,5,-25,-50,-65,-80,-120,1
10,20,15,40,35,15,-15,-40,-55,-70,1
-60,-50,-40,-45,-20,-25,-45,-75,-100,-115,1
25,-35,-25,-15,-20,5,0,-20,-50,-75,1
10,35,-25,-15,-5,-10,15,10,-10,-40,1
-10,0,25,-35,-25,-15,-20,5,0,-20,1
15,5,15,40,-20,-10,0,-5,20,15,1
5,20,10,20,45,-15,-5,5,0,25,1
-20,-15,0,-10,0,25,-35,-25,-15,-20,1
20,0,5,20,10,20,45,-15,-5,5,1
-10,10,-10,-5,10,0,10,35,-25,-15,1
-20,-30,-10,-30,-25,-10,-20,-10,15,-45,1
-60,-80,-90,-70,-90,-85,-70,-80,-70,-45,1
-10,-70,-90,-100,-80,-100,-95,-80,-90,-80,1
0,-10,-70,-90,-100,-80,-100,-95,-80,-90,1
10,10,0,-60,-80,-90,-70,-90,-85,-70,1
-10,0,0,-10,-70,-90,-100,-80,-100,-95,1
5,-5,5,5,-5,-65,-85,-95,-75,-95,1
-35,-30,-40,-30,-30,-40,-100,-120,-130,-110,1
15,-20,-15,-25,-15,-15,-25,-85,-105,-115,1
-5,10,-25,-20,-30,-20,-20,-30,-90,-110,1
10,5,20,-15,-10,-20,-10,-10,-20,-80,1
55,65,60,75,40,45,35,45,45,35,1
-15,40,50,45,60,25,30,20,30,30,1
-15,-30,25,35,30,45,10,15,5,15,1
15,0,-15,40,50,45,60,25,30,20,1
-15,0,-15,-30,25,35,30,45,10,15,1
-20,-35,-20,-35,-50,5,15,10,25,-10,1
-30,-50,-65,-50,-65,-80,-25,-15,-20,-5,1
-40,-70,-90,-105,-90,-105,-120,-65,-55,-60,1
25,-15,-45,-65,-80,-65,-80,-95,-40,-30,1
5,30,-10,-40,-60,-75,-60,-75,-90,-35,1
-50,-45,-20,-60,-90,-110,-125,-110,-125,-140,1
-30,-80,-75,-50,-90,-120,-140,-155,-140,-155,1
10,-20,-70,-65,-40,-80,-110,-130,-145,-130,1
-50,-40,-70,-120,-115,-90,-130,-160,-180,-195,1
15,-35,-25,-55,-105,-100,-75,-115,-145,-165,1
-20,-5,-55,-45,-75,-125,-120,-95,-135,-165,1
-5,-25,-10,-60,-50,-80,-130,-125,-100,-140,1
-15,-20,-40,-25,-75,-65,-95,-145,-140,-115,1
10,-5,-10,-30,-15,-65,-55,-85,-135,-130,1
-10,0,-15,-20,-40,-25,-75,-65,-95,-145,1
-5,-15,-5,-20,-25,-45,-30,-80,-70,-100,1
-20,-25,-35,-25,-40,-45,-65,-50,-100,-90,1
10,-10,-15,-25,-15,-30,-35,-55,-40,-90,1
-10,0,-20,-25,-35,-25,-40,-45,-65,-50,1
-5,-15,-5,-25,-30,-40,-30,-45,-50,-70,1
25,20,10,20,0,-5,-15,-5,-20,-25,1
-290,-265,-270,-280,-270,-290,-295,-305,-295,-310,1
-15,-305,-280,-285,-295,-285,-305,-310,-320,-310,1
0,-15,-305,-280,-285,-295,-285,-305,-310,-320,1
15,15,0,-290,-265,-270,-280,-270,-290,-295,1
20,35,35,20,-270,-245,-250,-260,-250,-270,1
-35,-15,0,0,-15,-305,-280,-285,-295,-285,1
-30,-65,-45,-30,-30,-45,-335,-310,-315,-325,1
5,-25,-60,-40,-25,-25,-40,-330,-305,-310,1
0,5,-25,-60,-40,-25,-25,-40,-330,-305,1
55,55,60,30,-5,15,30,30,15,-275,1
5,60,60,65,35,0,20,35,35,20,1
-20,-15,40,40,45,15,-20,0,15,15,1
-20,-40,-35,20,20,25,-5,-40,-20,-5,1
-60,-80,-100,-95,-40,-40,-35,-65,-100,-80,1
-25,-85,-105,-125,-120,-65,-65,-60,-90,-125,1
30,5,-55,-75,-95,-90,-35,-35,-30,-60,1
40,70,45,-15,-35,-55,-50,5,5,10,1
5,45,75,50,-10,-30,-50,-45,10,10,1
-90,-85,-45,-15,-40,-100,-120,-140,-135,-80,1
-25,-115,-110,-70,-40,-65,-125,-145,-165,-160,1
-20,-45,-135,-130,-90,-60,-85,-145,-165,-185,1
10,-10,-35,-125,-120,-80,-50,-75,-135,-155,1
-60,-50,-70,-95,-185,-180,-140,-110,-135,-195,1
0,-60,-50,-70,-95,-185,-180,-140,-110,-135,0
20,20,-40,-30,-50,-75,-165,-160,-120,-90,0
20,40,40,-20,-10,-30,-55,-145,-140,-100,0
20,40,60,60,0,10,-10,-35,-125,-120,0
10,30,50,70,70,10,20,0,-25,-115,0
75,85,105,125,145,145,85,95,75,50,0
35,110,120,140,160,180,180,120,130,110,0
105,140,215,225,245,265,285,285,225,235,0
-35,70,105,180,190,210,230,250,250,190,0
25,-10,95,130,205,215,235,255,275,275,0
-25,0,-35,70,105,180,190,210,230,250,0
60,35,60,25,130,165,240,250,270,290,0
65,125,100,125,90,195,230,305,315,335,0
-15,50,110,85,110,75,180,215,290,300,1
-40,-55,10,70,45,70,35,140,175,250,1
0,-40,-55,10,70,45,70,35,140,175,1
-75,-75,-115,-130,-65,-5,-30,-5,-40,65,1
-35,-110,-110,-150,-165,-100,-40,-65,-40,-75,1
-25,-60,-135,-135,-175,-190,-125,-65,-90,-65,1
-20,-45,-80,-155,-155,-195,-210,-145,-85,-110,1
-15,-35,-60,-95,-170,-170,-210,-225,-160,-100,1
-60,-75,-95,-120,-155,-230,-230,-270,-285,-220,1
5,-55,-70,-90,-115,-150,-225,-225,-265,-280,1
10,15,-45,-60,-80,-105,-140,-215,-215,-255,0
0,10,15,-45,-60,-80,-105,-140,-215,-215,0
20,20,30,35,-25,-40,-60,-85,-120,-195,0
20,40,40,50,55,-5,-20,-40,-65,-100,0
25,45,65,65,75,80,20,5,-15,-40,0
25,50,70,90,90,100,105,45,30,10,0
-80,-55,-30,-10,10,10,20,25,-35,-50,0
70,-10,15,40,60,80,80,90,95,35,1
-5,65,-15,10,35,55,75,75,85,90,1
-20,-25,45,-35,-10,15,35,55,55,65,1
-30,-50,-55,15,-65,-40,-15,5,25,25,1
-10,-40,-60,-65,5,-75,-50,-25,-5,15,1
0,-10,-40,-60,-65,5,-75,-50,-25,-5,1
25,25,15,-15,-35,-40,30,-50,-25,0,1
-25,0,0,-10,-40,-60,-65,5,-75,-50,1
-80,-105,-80,-80,-90,-120,-140,-145,-75,-155,0
40,-40,-65,-40,-40,-50,-80,-100,-105,-35,0
5,45,-35,-60,-35,-35,-45,-75,-95,-100,0
15,20,60,-20,-45,-20,-20,-30,-60,-80,0
-15,0,5,45,-35,-60,-35,-35,-45,-75,0
35,20,35,40,80,0,-25,0,0,-10,0
70,105,90,105,110,150,70,45,70,70,0
5,75,110,95,110,115,155,75,50,75,1
-35,-30,40,75,60,75,80,120,40,15,1
15,-20,-15,55,90,75,90,95,135,55,1
-5,10,-25,-20,50,85,70,85,90,130,1
-5,-10,5,-30,-25,45,80,65,80,85,1
-25,-30,-35,-20,-55,-50,20,55,40,55,1
10,-15,-20,-25,-10,-45,-40,30,65,50,1
-25,-15,-40,-45,-50,-35,-70,-65,5,40,1
20,-5,5,-20,-25,-30,-15,-50,-45,25,1
-5,15,-10,0,-25,-30,-35,-20,-55,-50,1
25,20,40,15,25,0,-5,-10,5,-30,1
35,60,55,75,50,60,35,30,25,40,1
-30,5,30,25,45,20,30,5,0,-5,1
30,0,35,60,55,75,50,60,35,30,1
0,30,0,35,60,55,75,50,60,35,1
-35,-35,-5,-35,0,25,20,40,15,25,1
-20,-55,-55,-25,-55,-20,5,0,20,-5,1
-10,-30,-65,-65,-35,-65,-30,-5,-10,10,1
0,-10,-30,-65,-65,-35,-65,-30,-5,-10,1
-35,-35,-45,-65,-100,-100,-70,-100,-65,-40,1
-5,-40,-40,-50,-70,-105,-105,-75,-105,-70,1
-20,-25,-60,-60,-70,-90,-125,-125,-95,-125,1
-15,-35,-40,-75,-75,-85,-105,-140,-140,-110,1
20,5,-15,-20,-55,-55,-65,-85,-120,-120,1
15,35,20,0,-5,-40,-40,-50,-70,-105,1
-90,-75,-55,-70,-90,-95,-130,-130,-140,-160,0
0,-90,-75,-55,-70,-90,-95,-130,-130,-140,0
35,35,-55,-40,-20,-35,-55,-60,-95,-95,0
-15,20,20,-70,-55,-35,-50,-70,-75,-110,0
5,-10,25,25,-65,-50,-30,-45,-65,-70,0
-5,0,-15,20,20,-70,-55,-35,-50,-70,0
10,5,10,-5,30,30,-60,-45,-25,-40,0
20,30,25,30,15,50,50,-40,-25,-5,0
0,20,30,25,30,15,50,50,-40,-25,0
-5,-5,15,25,20,25,10,45,45,-45,0
-5,-10,-10,10,20,15,20,5,40,40,0
-5,-10,-15,-15,5,15,10,15,0,35,0
-10,-15,-20,-25,-25,-5,5,0,5,-10,0
5,-5,-10,-15,-20,-20,0,10,5,10,0
55,60,50,45,40,35,35,55,65,60,0
-15,40,45,35,30,25,20,20,40,50,1
-160,-175,-120,-115,-125,-130,-135,-140,-140,-120,1
-85,-245,-260,-205,-200,-210,-215,-220,-225,-225,0
20,-65,-225,-240,-185,-180,-190,-195,-200,-205,0
60,80,-5,-165,-180,-125,-120,-130,-135,-140,0
-20,40,60,-25,-185,-200,-145,-140,-150,-155,0
30,10,70,90,5,-155,-170,-115,-110,-120,0
-5,25,5,65,85,0,-160,-175,-120,-115,0
10,5,35,15,75,95,10,-150,-165,-110,0
-5,5,0,30,10,70,90,5,-155,-170,0
30,25,35,30,60,40,100,120,35,-125,0
-20,10,5,15,10,40,20,80,100,15,0
35,15,45,40,50,45,75,55,115,135,0
-55,-20,-40,-10,-15,-5,-10,20,0,60,0
30,-25,10,-10,20,15,25,20,50,30,0
130,160,105,140,120,150,145,155,150,180,0
40,170,200,145,180,160,190,185,195,190,0
90,130,260,290,235,270,250,280,275,285,0
80,170,210,340,370,315,350,330,360,355,0
-15,65,155,195,325,355,300,335,315,345,0
-40,-55,25,115,155,285,315,260,295,275,0
-10,-50,-65,15,105,145,275,305,250,285,0
-85,-95,-135,-150,-70,20,60,190,220,165,0
70,-15,-25,-65,-80,0,90,130,260,290,0
35,105,20,10,-30,-45,35,125,165,295,0
-25,10,80,-5,-15,-55,-70,10,100,140,0
0,-25,10,80,-5,-15,-55,-70,10,100,0
55,55,30,65,135,50,40,0,-15,65,0
95,150,150,125,160,230,145,135,95,80,0
65,160,215,215,190,225,295,210,200,160,0
-5,60,155,210,210,185,220,290,205,195,0
-80,-85,-20,75,130,130,105,140,210,125,0
5,-75,-80,-15,80,135,135,110,145,215,0
155,160,80,75,140,235,290,290,265,300,0
65,220,225,145,140,205,300,355,355,330,1
-30,35,190,195,115,110,175,270,325,325,1
-15,-45,20,175,180,100,95,160,255,310,1
-20,-35,-65,0,155,160,80,75,140,235,1
-25,-45,-60,-90,-25,130,135,55,50,115,1
-5,-30,-50,-65,-95,-30,125,130,50,45,1
90,85,60,40,25,-5,60,215,220,140,1
-45,45,40,15,-5,-20,-50,15,170,175,1
-20,-65,25,20,-5,-25,-40,-70,-5,150,1
-35,-55,-100,-10,-15,-40,-60,-75,-105,-40,1
-50,-85,-105,-150,-60,-65,-90,-110,-125,-155,1
25,-25,-60,-80,-125,-35,-40,-65,-85,-100,1
-35,-10,-60,-95,-115,-160,-70,-75,-100,-120,1
-40,-75,-50,-100,-135,-155,-200,-110,-115,-140,1
30,-10,-45,-20,-70,-105,-125,-170,-80,-85,0
-40,-10,-50,-85,-60,-110,-145,-165,-210,-120,0
70,30,60,20,-15,10,-40,-75,-95,-140,0
25,95,55,85,45,10,35,-15,-50,-70,0
-15,10,80,40,70,30,-5,20,-30,-65,0
45,30,55,125,85,115,75,40,65,15,0
45,90,75,100,170,130,160,120,85,110,0
10,55,100,85,110,180,140,170,130,95,0
0,10,55,100,85,110,180,140,170,130,0
25,25,35,80,125,110,135,205,165,195,0
-20,5,5,15,60,105,90,115,185,145,0
75,55,80,80,90,135,180,165,190,260,0
-10,65,45,70,70,80,125,170,155,180,0
55,45,120,100,125,125,135,180,225,210,0
-40,15,5,80,60,85,85,95,140,185,0
-15,-55,0,-10,65,45,70,70,80,125,0
10,-5,-45,10,0,75,55,80,80,90,0
45,55,40,0,55,45,120,100,125,125,0
40,85,95,80,40,95,85,160,140,165,0
-25,15,60,70,55,15,70,60,135,115,0
40,15,55,100,110,95,55,110,100,175,0
-15,25,0,40,85,95,80,40,95,85,0
-25,-40,0,-25,15,60,70,55,15,70,0
70,45,30,70,45,85,130,140,125,85,1
-145,-75,-100,-115,-75,-100,-60,-15,-5,-20,1
-75,-220,-150,-175,-190,-150,-175,-135,-90,-80,1
35,-40,-185,-115,-140,-155,-115,-140,-100,-55,1
-25,10,-65,-210,-140,-165,-180,-140,-165,-125,1
-15,-40,-5,-80,-225,-155,-180,-195,-155,-180,1
-55,-70,-95,-60,-135,-280,-210,-235,-250,-210,1
40,-15,-30,-55,-20,-95,-240,-170,-195,-210,0
55,95,40,25,0,35,-40,-185,-115,-140,0
-35,20,60,5,-10,-35,0,-75,-220,-150,0
95,60,115,155,100,85,60,95,20,-125,0
30,125,90,145,185,130,115,90,125,50,0
25,55,150,115,170,210,155,140,115,150,0
30,55,85,180,145,200,240,185,170,145,0
-20,10,35,65,160,125,180,220,165,150,0
10,-10,20,45,75,170,135,190,230,175,0
-5,5,-15,15,40,70,165,130,185,225,0
10,5,15,-5,25,50,80,175,140,195,0
20,30,25,35,15,45,70,100,195,160,0
40,60,70,65,75,55,85,110,140,235,0
-100,-60,-40,-30,-35,-25,-45,-15,10,40,0
40,-60,-20,0,10,5,15,-5,25,50,0
15,55,-45,-5,15,25,20,30,10,40,0
5,20,60,-40,0,20,30,25,35,15,0
-40,-35,-20,20,-80,-40,-20,-10,-15,-5,0
60,20,25,40,80,-20,20,40,50,45,0
10,70,30,35,50,90,-10,30,50,60,0
-5,5,65,25,30,45,85,-15,25,45,0
15,10,20,80,40,45,60,100,0,40,0
65,80,75,85,145,105,110,125,165,65,0
25,90,105,100,110,170,130,135,150,190,0
-25,0,65,80,75,85,145,105,110,125,0
0,-25,0,65,80,75,85,145,105,110,0
20,20,-5,20,85,100,95,105,165,125,0
10,30,30,5,30,95,110,105,115,175,0
-5,5,25,25,0,25,90,105,100,110,0
40,35,45,65,65,40,65,130,145,140,1
-510,-470,-475,-465,-445,-445,-470,-445,-380,-365,1
-15,-525,-485,-490,-480,-460,-460,-485,-460,-395,1
-50,-65,-575,-535,-540,-530,-510,-510,-535,-510,1
35,-15,-30,-540,-500,-505,-495,-475,-475,-500,1
25,60,10,-5,-515,-475,-480,-470,-450,-450,1
-15,10,45,-5,-20,-530,-490,-495,-485,-465,1
-5,-20,5,40,-10,-25,-535,-495,-500,-490,1
20,15,0,25,60,10,-5,-515,-475,-480,1
-50,-30,-35,-50,-25,10,-40,-55,-565,-525,1
-40,-90,-70,-75,-90,-65,-30,-80,-95,-605,0
25,-15,-65,-45,-50,-65,-40,-5,-55,-70,0
0,25,-15,-65,-45,-50,-65,-40,-5,-55,0
35,35,60,20,-30,-10,-15,-30,-5,30,0
15,50,50,75,35,-15,5,0,-15,10,0
-60,-45,-10,-10,15,-25,-75,-55,-60,-75,1
-60,-120,-105,-70,-70,-45,-85,-135,-115,-120,1
35,-25,-85,-70,-35,-35,-10,-50,-100,-80,0
-50,-15,-75,-135,-120,-85,-85,-60,-100,-150,0
35,-15,20,-40,-100,-85,-50,-50,-25,-65,0
35,70,20,55,-5,-65,-50,-15,-15,10,0
140,175,210,160,195,135,75,90,125,125,0
-50,90,125,160,110,145,85,25,40,75,0
85,35,175,210,245,195,230,170,110,125,0
-50,35,-15,125,160,195,145,180,120,60,1
-20,-70,15,-35,105,140,175,125,160,100,1
0,-20,-70,15,-35,105,140,175,125,160,1
-90,-90,-110,-160,-75,-125,15,50,85,35,1
-65,-155,-155,-175,-225,-140,-190,-50,-15,20,1
10,-55,-145,-145,-165,-215,-130,-180,-40,-5,1
15,25,-40,-130,-130,-150,-200,-115,-165,-25,1
-10,5,15,-50,-140,-140,-160,-210,-125,-175,1
-60,-70,-55,-45,-110,-200,-200,-220,-270,-185,1
5,-55,-65,-50,-40,-105,-195,-195,-215,-265,1
-60,-55,-115,-125,-110,-100,-165,-255,-255,-275,1
40,-20,-15,-75,-85,-70,-60,-125,-215,-215,1
-75,-35,-95,-90,-150,-160,-145,-135,-200,-290,1
55,-20,20,-40,-35,-95,-105,-90,-80,-145,0
-35,20,-55,-15,-75,-70,-130,-140,-125,-115,0
35,0,55,-20,20,-40,-35,-95,-105,-90,0
0,35,0,55,-20,20,-40,-35,-95,-105,0
-20,-20,15,-20,35,-40,0,-60,-55,-115,0
0,-20,-20,15,-20,35,-40,0,-60,-55,0
0,0,-20,-20,15,-20,35,-40,0,-60,0
-25,-25,-25,-45,-45,-10,-45,10,-65,-25,0
20,-5,-5,-5,-25,-25,10,-25,30,-45,0
0,20,-5,-5,-5,-25,-25,10,-25,30,0
15,15,35,10,10,10,-10,-10,25,-10,0
-15,0,0,20,-5,-5,-5,-25,-25,10,0
-20,-35,-20,-20,0,-25,-25,-25,-45,-45,0
70,50,35,50,50,70,45,45,45,25,0
-10,60,40,25,40,40,60,35,35,35,0
-35,-45,25,5,-10,5,5,25,0,0,0
5,-30,-40,30,10,-5,10,10,30,5,0
15,20,-15,-25,45,25,10,25,25,45,0
20,35,40,5,-5,65,45,30,45,45,0
0,20,35,40,5,-5,65,45,30,45,0
10,10,30,45,50,15,5,75,55,40,0
-15,-5,-5,15,30,35,0,-10,60,40,0
25,10,20,20,40,55,60,25,15,85,0
50,75,60,70,70,90,105,110,75,65,0
10,60,85,70,80,80,100,115,120,85,0
-40,-30,20,45,30,40,40,60,75,80,0
20,-20,-10,40,65,50,60,60,80,95,0
75,95,55,65,115,140,125,135,135,155,0
55,130,150,110,120,170,195,180,190,190,0
25,80,155,175,135,145,195,220,205,215,0
80,105,160,235,255,215,225,275,300,285,0
110,190,215,270,345,365,325,335,385,410,0
-80,30,110,135,190,265,285,245,255,305,0
-55,-135,-25,55,80,135,210,230,190,200,0
35,-20,-100,10,90,115,170,245,265,225,0
-100,-65,-120,-200,-90,-10,15,70,145,165,0
65,-35,0,-55,-135,-25,55,80,135,210,0
10,75,-25,10,-45,-125,-15,65,90,145,0
-10,0,65,-35,0,-55,-135,-25,55,80,0
-10,-20,-10,55,-45,-10,-65,-145,-35,45,0
135,125,115,125,190,90,125,70,-10,100,0
-15,120,110,100,110,175,75,110,55,-25,0
0,-15,120,110,100,110,175,75,110,55,0
-5,-5,-20,115,105,95,105,170,70,105,0
100,95,95,80,215,205,195,205,270,170,0
-35,65,60,60,45,180,170,160,170,235,0
5,-30,70,65,65,50,185,175,165,175,1
-40,-35,-70,30,25,25,10,145,135,125,1
10,-30,-25,-60,40,35,35,20,155,145,1
5,15,-25,-20,-55,45,40,40,25,160,1
15,20,30,-10,-5,-40,60,55,55,40,1
5,20,25,35,-5,0,-35,65,60,60,1
-65,-60,-45,-40,-30,-70,-65,-100,0,-5,1
25,-40,-35,-20,-15,-5,-45,-40,-75,25,1
-10,15,-50,-45,-30,-25,-15,-55,-50,-85,1
-55,-65,-40,-105,-100,-85,-80,-70,-110,-105,1
-5,-60,-70,-45,-110,-105,-90,-85,-75,-115,1
-10,-15,-70,-80,-55,-120,-115,-100,-95,-85,1
10,0,-5,-60,-70,-45,-110,-105,-90,-85,1
-45,-35,-45,-50,-105,-115,-90,-155,-150,-135,1
0,-45,-35,-45,-50,-105,-115,-90,-155,-150,0
55,55,10,20,10,5,-50,-60,-35,-100,0
10,65,65,20,30,20,15,-40,-50,-25,0
-10,0,55,55,10,20,10,5,-50,-60,0
-40,-50,-40,15,15,-30,-20,-30,-35,-90,0
-5,-45,-55,-45,10,10,-35,-25,-35,-40,0
-5,-10,-50,-60,-50,5,5,-40,-30,-40,0
10,5,0,-40,-50,-40,15,15,-30,-20,0
5,15,10,5,-35,-45,-35,20,20,-25,0
-25,-20,-10,-15,-20,-60,-70,-60,-5,-5,0
20,-5,0,10,5,0,-40,-50,-40,15,0
15,35,10,15,25,20,15,-25,-35,-25,0
270,285,305,280,285,295,290,285,245,235,0
-15,255,270,290,265,270,280,275,270,230,0
-35,-50,220,235,255,230,235,245,240,235,0
0,-35,-50,220,235,255,230,235,245,240,0
20,20,-15,-30,240,255,275,250,255,265,0
35,55,55,20,5,275,290,310,285,290,0
-30,5,25,25,-10,-25,245,260,280,255,0
-10,-40,-5,15,15,-20,-35,235,250,270,0
25,15,-15,20,40,40,5,-10,260,275,0
-15,10,0,-30,5,25,25,-10,-25,245,0
-5,-20,5,-5,-35,0,20,20,-15,-30,0
-25,-30,-45,-20,-30,-60,-25,-5,-5,-40,0
20,-5,-10,-25,0,-10,-40,-5,15,15,0
25,45,20,15,0,25,15,-15,20,40,0
-45,-20,0,-25,-30,-45,-20,-30,-60,-25,0
-70,-115,-90,-70,-95,-100,-115,-90,-100,-130,0
-10,-80,-125,-100,-80,-105,-110,-125,-100,-110,0
15,5,-65,-110,-85,-65,-90,-95,-110,-85,0
135,150,140,70,25,50,70,45,40,25,1
-140,-5,10,0,-70,-115,-90,-70,-95,-100,1
-85,-225,-90,-75,-85,-155,-200,-175,-155,-180,1
-10,-95,-235,-100,-85,-95,-165,-210,-185,-165,1
45,35,-50,-190,-55,-40,-50,-120,-165,-140,1
-10,35,25,-60,-200,-65,-50,-60,-130,-175,1
-45,-55,-10,-20,-105,-245,-110,-95,-105,-175,1
75,30,20,65,55,-30,-170,-35,-20,-30,1
-25,50,5,-5,40,30,-55,-195,-60,-45,1
-20,-45,30,-15,-25,20,10,-75,-215,-80,1
65,45,20,95,50,40,85,75,-10,-150,1
-35,30,10,-15,60,15,5,50,40,-45,1
-100,-135,-70,-90,-115,-40,-85,-95,-50,-60,1
-20,-120,-155,-90,-110,-135,-60,-105,-115,-70,1
25,5,-95,-130,-65,-85,-110,-35,-80,-90,1
-25,0,-20,-120,-155,-90,-110,-135,-60,-105,1
15,-10,15,-5,-105,-140,-75,-95,-120,-45,0
5,20,-5,20,0,-100,-135,-70,-90,-115,0
10,15,30,5,30,10,-90,-125,-60,-80,0
45,55,60,75,50,75,55,-45,-80,-15,0
10,55,65,70,85,60,85,65,-35,-70,0
-35,-25,20,30,35,50,25,50,30,-70,0
-10,-45,-35,10,20,25,40,15,40,20,0
-10,-20,-55,-45,0,10,15,30,5,30,0
-5,-15,-25,-60,-50,-5,5,10,25,0,0
40,35,25,15,-20,-10,35,45,50,65,0
25,65,60,50,40,5,15,60,70,75,0
10,35,75,70,60,50,15,25,70,80,0
-10,0,25,65,60,50,40,5,15,60,0
-25,-35,-25,0,40,35,25,15,-20,-10,0
-25,-50,-60,-50,-25,15,10,0,-10,-45,0
0,-25,-50,-60,-50,-25,15,10,0,-10,0
5,5,-20,-45,-55,-45,-20,20,15,5,0
10,15,15,-10,-35,-45,-35,-10,30,25,0
40,50,55,55,30,5,-5,5,30,70,0
10,50,60,65,65,40,15,5,15,40,0
15,25,65,75,80,80,55,30,20,30,0
-15,0,10,50,60,65,65,40,15,5,0
0,-15,0,10,50,60,65,65,40,15,0
-5,-5,-20,-5,5,45,55,60,60,35,0
-5,-10,-10,-25,-10,0,40,50,55,55,0
10,5,0,0,-15,0,10,50,60,65,0
-5,5,0,-5,-5,-20,-5,5,45,55,0
10,5,15,10,5,5,-10,5,15,55,0
15,25,20,30,25,20,20,5,20,30,0
45,60,70,65,75,70,65,65,50,65,0
0,45,60,70,65,75,70,65,65,50,0
-10,-10,35,50,60,55,65,60,55,55,0
15,5,5,50,65,75,70,80,75,70,0
-20,-5,-15,-15,30,45,55,50,60,55,0
-20,-40,-25,-35,-35,10,25,35,30,40,0
20,0,-20,-5,-15,-15,30,45,55,50,0
15,35,15,-5,10,0,0,45,60,70,0
25,40,60,40,20,35,25,25,70,85,1
0,25,40,60,40,20,35,25,25,70,1
-35,-35,-10,5,25,5,-15,0,-10,-10,1
15,-20,-20,5,20,40,20,0,15,5,1
-5,10,-25,-25,0,15,35,15,-5,10,1
-15,-20,-5,-40,-40,-15,0,20,0,-20,1
-110,-125,-130,-115,-150,-150,-125,-110,-90,-110,1
-45,-155,-170,-175,-160,-195,-195,-170,-155,-135,1
-65,-110,-220,-235,-240,-225,-260,-260,-235,-220,1
15,-50,-95,-205,-220,-225,-210,-245,-245,-220,1
5,20,-45,-90,-200,-215,-220,-205,-240,-240,1
-50,-45,-30,-95,-140,-250,-265,-270,-255,-290,1
-10,-60,-55,-40,-105,-150,-260,-275,-280,-265,1
0,-10,-60,-55,-40,-105,-150,-260,-275,-280,1
10,10,0,-50,-45,-30,-95,-140,-250,-265,1
15,25,25,15,-35,-30,-15,-80,-125,-235,1
15,30,40,40,30,-20,-15,0,-65,-110,1
-30,-15,0,10,10,0,-50,-45,-30,-95,1
-5,-35,-20,-5,5,5,-5,-55,-50,-35,1
-5,-10,-40,-25,-10,0,0,-10,-60,-55,1
-20,-25,-30,-60,-45,-30,-20,-20,-30,-80,1
0,-20,-25,-30,-60,-45,-30,-20,-20,-30,1
0,0,-20,-25,-30,-60,-45,-30,-20,-20,1
-5,-5,-5,-25,-30,-35,-65,-50,-35,-25,1
-40,-45,-45,-45,-65,-70,-75,-105,-90,-75,1
-10,-50,-55,-55,-55,-75,-80,-85,-115,-100,1
-25,-35,-75,-80,-80,-80,-100,-105,-110,-140,1
-5,-30,-40,-80,-85,-85,-85,-105,-110,-115,1
-20,-25,-50,-60,-100,-105,-105,-105,-125,-130,1
5,-15,-20,-45,-55,-95,-100,-100,-100,-120,1
-5,0,-20,-25,-50,-60,-100,-105,-105,-105,1
-5,-10,-5,-25,-30,-55,-65,-105,-110,-110,1
0,-5,-10,-5,-25,-30,-55,-65,-105,-110,1
-5,-5,-10,-15,-10,-30,-35,-60,-70,-110,1
-40,-45,-45,-50,-55,-50,-70,-75,-100,-110,1
-15,-55,-60,-60,-65,-70,-65,-85,-90,-115,1
-10,-25,-65,-70,-70,-75,-80,-75,-95,-100,1
-310,-320,-335,-375,-380,-380,-385,-390,-385,-405,1
45,-265,-275,-290,-330,-335,-335,-340,-345,-340,1
-35,10,-300,-310,-325,-365,-370,-370,-375,-380,1
-20,-55,-10,-320,-330,-345,-385,-390,-390,-395,1
-20,-40,-75,-30,-340,-350,-365,-405,-410,-410,1
-15,-35,-55,-90,-45,-355,-365,-380,-420,-425,1
35,20,0,-20,-55,-10,-320,-330,-345,-385,1
-40,-5,-20,-40,-60,-95,-50,-360,-370,-385,1
5,-35,0,-15,-35,-55,-90,-45,-355,-365,1
15,20,-20,15,0,-20,-40,-75,-30,-340,1
15,30,35,-5,30,15,-5,-25,-60,-15,1
10,25,40,45,5,40,25,5,-15,-50,1
-5,5,20,35,40,0,35,20,0,-20,1
15,10,20,35,50,55,15,50,35,15,1
-45,-30,-35,-25,-10,5,10,-30,5,-10,1
-5,-50,-35,-40,-30,-15,0,5,-35,0,1
-5,-10,-55,-40,-45,-35,-20,-5,0,-40,0
-50,-55,-60,-105,-90,-95,-85,-70,-55,-50,0
55,5,0,-5,-50,-35,-40,-30,-15,0,0
20,75,25,20,15,-30,-15,-20,-10,5,0
70,90,145,95,90,85,40,55,50,60,0
65,135,155,210,160,155,150,105,120,115,0
15,80,150,170,225,175,170,165,120,135,0
-5,10,75,145,165,220,170,165,160,115,0
75,70,85,150,220,240,295,245,240,235,0
-65,10,5,20,85,155,175,230,180,175,0
65,0,75,70,85,150,220,240,295,245,0
10,75,10,85,80,95,160,230,250,305,0
5,15,80,15,90,85,100,165,235,255,0
-15,-10,0,65,0,75,70,85,150,220,0
25,10,15,25,90,25,100,95,110,175,0
20,45,30,35,45,110,45,120,115,130,1
5,25,50,35,40,50,115,50,125,120,1
-20,-15,5,30,15,20,30,95,30,105,1
25,5,10,30,55,40,45,55,120,55,1
-35,-10,-30,-25,-5,20,5,10,20,85,1
10,-25,0,-20,-15,5,30,15,20,30,1
20,30,-5,20,0,5,25,50,35,40,1
-5,15,25,-10,15,-5,0,20,45,30,1
-30,-35,-15,-5,-40,-15,-35,-30,-10,15,1
5,-25,-30,-10,0,-35,-10,-30,-25,-5,1
35,40,10,5,25,35,0,25,5,10,1
0,35,40,10,5,25,35,0,25,5,1
-25,-25,10,15,-15,-20,0,10,-25,0,1
-30,-55,-55,-20,-15,-45,-50,-30,-20,-55,1
-25,-55,-80,-80,-45,-40,-70,-75,-55,-45,1
55,30,0,-25,-25,10,15,-15,-20,0,1
-20,35,10,-20,-45,-45,-10,-5,-35,-40,1
35,15,70,45,15,-10,-10,25,30,0,1
-10,25,5,60,35,5,-20,-20,15,20,1
-15,-25,10,-10,45,20,-10,-35,-35,0,1
-15,-30,-40,-5,-25,30,5,-25,-50,-50,1
-10,-25,-40,-50,-15,-35,20,-5,-35,-60,1
-30,-40,-55,-70,-80,-45,-65,-10,-35,-65,1
-10,-40,-50,-65,-80,-90,-55,-75,-20,-45,0
0,-10,-40,-50,-65,-80,-90,-55,-75,-20,0
10,10,0,-30,-40,-55,-70,-80,-45,-65,0
15,25,25,15,-15,-25,-40,-55,-65,-30,0
-10,5,15,15,5,-25,-35,-50,-65,-75,0
-15,-25,-10,0,0,-10,-40,-50,-65,-80,0
65,50,40,55,65,65,55,25,15,0,0
0,65,50,40,55,65,65,55,25,15,0
15,15,80,65,55,70,80,80,70,40,1
-20,-5,-5,60,45,35,50,60,60,50,1
-45,-65,-50,-50,15,0,-10,5,15,15,1
-5,-50,-70,-55,-55,10,-5,-15,0,10,1
10,5,-40,-60,-45,-45,20,5,-5,10,1
40,50,45,0,-20,-5,-5,60,45,35,1
-10,30,40,35,-10,-30,-15,-15,50,35,1
-10,-20,20,30,25,-20,-40,-25,-25,40,1
-30,-40,-50,-10,0,-5,-50,-70,-55,-55,1
0,-30,-40,-50,-10,0,-5,-50,-70,-55,1
-35,-35,-65,-75,-85,-45,-35,-40,-85,-105,1
0,-35,-35,-65,-75,-85,-45,-35,-40,-85,1
-10,-10,-45,-45,-75,-85,-95,-55,-45,-50,1
-35,-45,-45,-80,-80,-110,-120,-130,-90,-80,1
0,-35,-45,-45,-80,-80,-110,-120,-130,-90,1
-35,-35,-70,-80,-80,-115,-115,-145,-155,-165,1
5,-30,-30,-65,-75,-75,-110,-110,-140,-150,1
20,25,-10,-10,-45,-55,-55,-90,-90,-120,1
-5,15,20,-15,-15,-50,-60,-60,-95,-95,1
-15,-20,0,5,-30,-30,-65,-75,-75,-110,1
30,15,10,30,35,0,0,-35,-45,-45,1
-20,10,-5,-10,10,15,-20,-20,-55,-65,1
15,-5,25,10,5,25,30,-5,-5,-40,1
-10,5,-15,15,0,-5,15,20,-15,-15,1
5,-5,10,-10,20,5,0,20,25,-10,1
0,5,-5,10,-10,20,5,0,20,25,1
-5,-5,0,-10,5,-15,15,0,-5,15,1
-5,-10,-10,-5,-15,0,-20,10,-5,-10,1
-5,-10,-15,-15,-10,-20,-5,-25,5,-10,1
-35,-40,-45,-50,-50,-45,-55,-40,-60,-30,1
-50,-85,-90,-95,-100,-100,-95,-105,-90,-110,1
-5,-55,-90,-95,-100,-105,-105,-100,-110,-95,1
5,0,-50,-85,-90,-95,-100,-100,-95,-105,1
-20,-15,-20,-70,-105,-110,-115,-120,-120,-115,0
25,5,10,5,-45,-80,-85,-90,-95,-95,0
5,30,10,15,10,-40,-75,-80,-85,-90,0
-15,-10,15,-5,0,-5,-55,-90,-95,-100,0
50,35,40,65,45,50,45,-5,-40,-45,0
10,60,45,50,75,55,60,55,5,-30,0
30,40,90,75,80,105,85,90,85,35,0
5,35,45,95,80,85,110,90,95,90,0
30,35,65,75,125,110,115,140,120,125,0
60,90,95,125,135,185,170,175,200,180,0
10,70,100,105,135,145,195,180,185,210,0
-10,0,60,90,95,125,135,185,170,175,0
75,65,75,135,165,170,200,210,260,245,1
-285,-210,-220,-210,-150,-120,-115,-85,-75,-25,1
50,-235,-160,-170,-160,-100,-70,-65,-35,-25,1
-85,-35,-320,-245,-255,-245,-185,-155,-150,-120,1
-5,-90,-40,-325,-250,-260,-250,-190,-160,-155,1
-40,-45,-130,-80,-365,-290,-300,-290,-230,-200,1
5,-35,-40,-125,-75,-360,-285,-295,-285,-225,1
-5,0,-40,-45,-130,-80,-365,-290,-300,-290,1
5,0,5,-35,-40,-125,-75,-360,-285,-295,1
-5,0,-5,0,-40,-45,-130,-80,-365,-290,1
5,0,5,0,5,-35,-40,-125,-75,-360,1
5,10,5,10,5,10,-30,-35,-120,-70,1
-30,-25,-20,-25,-20,-25,-20,-60,-65,-150,1
-35,-65,-60,-55,-60,-55,-60,-55,-95,-100,1
110,75,45,50,55,50,55,50,55,15,0
0,110,75,45,50,55,50,55,50,55,0
20,20,130,95,65,70,75,70,75,70,0
0,20,20,130,95,65,70,75,70,75,0
30,30,50,50,160,125,95,100,105,100,0
-55,-25,-25,-5,-5,105,70,40,45,50,1
-35,-90,-60,-60,-40,-40,70,35,5,10,1
65,30,-25,5,5,25,25,135,100,70,1
-80,-15,-50,-105,-75,-75,-55,-55,55,20,1
-15,-95,-30,-65,-120,-90,-90,-70,-70,40,1
20,5,-75,-10,-45,-100,-70,-70,-50,-50,1
-100,-80,-95,-175,-110,-145,-200,-170,-170,-150,1
-40,-140,-120,-135,-215,-150,-185,-240,-210,-210,1
-10,-50,-150,-130,-145,-225,-160,-195,-250,-220,1
20,10,-30,-130,-110,-125,-205,-140,-175,-230,1
-20,0,-10,-50,-150,-130,-145,-225,-160,-195,1
5,-15,5,-5,-45,-145,-125,-140,-220,-155,1
25,30,10,30,20,-20,-120,-100,-115,-195,1
40,65,70,50,70,60,20,-80,-60,-75,1
55,95,120,125,105,125,115,75,-25,-5,1
-30,25,65,90,95,75,95,85,45,-55,1
-40,-70,-15,25,50,55,35,55,45,5,1
-110,-150,-180,-125,-85,-60,-55,-75,-55,-65,1
20,-90,-130,-160,-105,-65,-40,-35,-55,-35,1
10,30,-80,-120,-150,-95,-55,-30,-25,-45,1
-30,-20,0,-110,-150,-180,-125,-85,-60,-55,1
-40,-70,-60,-40,-150,-190,-220,-165,-125,-100,1
40,0,-30,-20,0,-110,-150,-180,-125,-85,1
-20,20,-20,-50,-40,-20,-130,-170,-200,-145,1
-65,-85,-45,-85,-115,-105,-85,-195,-235,-265,1
-25,-90,-110,-70,-110,-140,-130,-110,-220,-260,1
45,20,-45,-65,-25,-65,-95,-85,-65,-175,1
-15,30,5,-60,-80,-40,-80,-110,-100,-80,1
0,-15,30,5,-60,-80,-40,-80,-110,-100,1
-5,-5,-20,25,0,-65,-85,-45,-85,-115,1
-25,-30,-30,-45,0,-25,-90,-110,-70,-110,1
-50,-75,-80,-80,-95,-50,-75,-140,-160,-120,1
-15,-65,-90,-95,-95,-110,-65,-90,-155,-175,1
-25,-40,-90,-115,-120,-120,-135,-90,-115,-180,1
15,-10,-25,-75,-100,-105,-105,-120,-75,-100,1
5,20,-5,-20,-70,-95,-100,-100,-115,-70,1
0,5,20,-5,-20,-70,-95,-100,-100,-115,1
-5,-5,0,15,-10,-25,-75,-100,-105,-105,1
-20,-25,-25,-20,-5,-30,-45,-95,-120,-125,1
-40,-60,-65,-65,-60,-45,-70,-85,-135,-160,1
-5,-45,-65,-70,-70,-65,-50,-75,-90,-140,1
-5,-10,-50,-70,-75,-75,-70,-55,-80,-95,1
10,5,0,-40,-60,-65,-65,-60,-45,-70,1
0,10,5,0,-40,-60,-65,-65,-60,-45,1
5,5,15,10,5,-35,-55,-60,-60,-55,1
0,5,5,15,10,5,-35,-55,-60,-60,1
0,0,5,5,15,10,5,-35,-55,-60,1
-20,-20,-20,-15,-15,-5,-10,-15,-55,-75,1
25,5,5,5,10,10,20,15,10,-30,1
0,25,5,5,5,10,10,20,15,10,1
-60,-60,-35,-55,-55,-55,-50,-50,-40,-45,1
-15,-75,-75,-50,-70,-70,-70,-65,-65,-55,1
15,0,-60,-60,-35,-55,-55,-55,-50,-50,1
-15,0,-15,-75,-75,-50,-70,-70,-70,-65,1
-5,-20,-5,-20,-80,-80,-55,-75,-75,-75,1
25,20,5,20,5,-55,-55,-30,-50,-50,1
40,65,60,45,60,45,-15,-15,10,-10,1
-45,-5,20,15,0,15,0,-60,-60,-35,1
-15,-60,-20,5,0,-15,0,-15,-75,-75,1
-10,-25,-70,-30,-5,-10,-25,-10,-25,-85,0
5,-5,-20,-65,-25,0,-5,-20,-5,-20,0
15,20,10,-5,-50,-10,15,10,-5,10,0
5,20,25,15,0,-45,-5,20,15,0,0
20,25,40,45,35,20,-25,15,40,35,0
-25,-5,0,15,20,10,-5,-50,-10,15,0
20,-5,15,20,35,40,30,15,-30,10,0
55,75,50,70,75,90,95,85,70,25,0
35,90,110,85,105,110,125,130,120,105,1
10,45,100,120,95,115,120,135,140,130,1
0,10,45,100,120,95,115,120,135,140,1
-60,-60,-50,-15,40,60,35,55,60,75,1
-5,-65,-65,-55,-20,35,55,30,50,55,1
20,15,-45,-45,-35,0,55,75,50,70,1
-10,10,5,-55,-55,-45,-10,45,65,40,1
-25,-35,-15,-20,-80,-80,-70,-35,20,40,1
0,-25,-35,-15,-20,-80,-80,-70,-35,20,1
-20,-20,-45,-55,-35,-40,-100,-100,-90,-55,1
10,-10,-10,-35,-45,-25,-30,-90,-90,-80,0
35,45,25,25,0,-10,10,5,-55,-55,0
5,40,50,30,30,5,-5,15,10,-50,0
35,40,75,85,65,65,40,30,50,45,0
-25,10,15,50,60,40,40,15,5,25,0
5,-20,15,20,55,65,45,45,20,10,0
0,5,-20,15,20,55,65,45,45,20,1
0,0,5,-20,15,20,55,65,45,45,1
25,25,25,30,5,40,45,80,90,70,1
-10,15,15,15,20,-5,30,35,70,80,1
-65,-75,-50,-50,-50,-45,-70,-35,-30,5,1
-25,-90,-100,-75,-75,-75,-70,-95,-60,-55,1
-75,-100,-165,-175,-150,-150,-150,-145,-170,-135,0
240,165,140,75,65,90,90,90,95,70,0
110,350,275,250,185,175,200,200,200,205,0
-35,75,315,240,215,150,140,165,165,165,0
10,-25,85,325,250,225,160,150,175,175,0
5,15,-20,90,330,255,230,165,155,180,0
-5,0,10,-25,85,325,250,225,160,150,1
-60,-65,-60,-50,-85,25,265,190,165,100,1
30,-30,-35,-30,-20,-55,55,295,220,195,1
40,70,10,5,10,20,-15,95,335,260,1
5,45,75,15,10,15,25,-10,100,340,1
-5,0,40,70,10,5,10,20,-15,95,1
-15,-20,-15,25,55,-5,-10,-5,5,-30,1
-30,-45,-50,-45,-5,25,-35,-40,-35,-25,1
-5,-35,-50,-55,-50,-10,20,-40,-45,-40,1
-30,-35,-65,-80,-85,-80,-40,-10,-70,-75,0
60,30,25,-5,-20,-25,-20,20,50,-10,0
-5,55,25,20,-10,-25,-30,-25,15,45,0
5,0,60,30,25,-5,-20,-25,-20,20,0
-50,-45,-50,10,-20,-25,-55,-70,-75,-70,1
-80,-130,-125,-130,-70,-100,-105,-135,-150,-155,1
-5,-85,-135,-130,-135,-75,-105,-110,-140,-155,1
-45,-50,-130,-180,-175,-180,-120,-150,-155,-185,1
-50,-95,-100,-180,-230,-225,-230,-170,-200,-205,1
-30,-80,-125,-130,-210,-260,-255,-260,-200,-230,1
-70,-100,-150,-195,-200,-280,-330,-325,-330,-270,1
-35,-105,-135,-185,-230,-235,-315,-365,-360,-365,1
-60,-95,-165,-195,-245,-290,-295,-375,-425,-420,1
45,-15,-50,-120,-150,-200,-245,-250,-330,-380,1
-55,-10,-70,-105,-175,-205,-255,-300,-305,-385,1
10,-45,0,-60,-95,-165,-195,-245,-290,-295,0
20,30,-25,20,-40,-75,-145,-175,-225,-270,0
-15,5,15,-40,5,-55,-90,-160,-190,-240,0
115,100,120,130,75,120,60,25,-45,-75,0
50,165,150,170,180,125,170,110,75,5,0
5,55,170,155,175,185,130,175,115,80,0
40,45,95,210,195,215,225,170,215,155,1
-75,-35,-30,20,135,120,140,150,95,140,1
-135,-210,-170,-165,-115,0,-15,5,15,-40,1
10,-125,-200,-160,-155,-105,10,-5,15,25,1
-130,-120,-255,-330,-290,-285,-235,-120,-135,-115,1
-30,-160,-150,-285,-360,-320,-315,-265,-150,-165,1
-115,-145,-275,-265,-400,-475,-435,-430,-380,-265,1
20,-95,-125,-255,-245,-380,-455,-415,-410,-360,1
-15,5,-110,-140,-270,-260,-395,-470,-430,-425,1
-5,-20,0,-115,-145,-275,-265,-400,-475,-435,1
-45,-50,-65,-45,-160,-190,-320,-310,-445,-520,1
-75,-120,-125,-140,-120,-235,-265,-395,-385,-520,1
-40,-115,-160,-165,-180,-160,-275,-305,-435,-425,1
-45,-85,-160,-205,-210,-225,-205,-320,-350,-480,1
-10,-55,-95,-170,-215,-220,-235,-215,-330,-360,1
25,15,-30,-70,-145,-190,-195,-210,-190,-305,1
35,60,50,5,-35,-110,-155,-160,-175,-155,1
70,105,130,120,75,35,-40,-85,-90,-105,1
-10,60,95,120,110,65,25,-50,-95,-100,1
-10,-20,50,85,110,100,55,15,-60,-105,1
25,15,5,75,110,135,125,80,40,-35,1
-20,5,-5,-15,55,90,115,105,60,20,1
35,15,40,30,20,90,125,150,140,95,1
35,70,50,75,65,55,125,160,185,175,1
-50,-15,20,0,25,15,5,75,110,135,1
-55,-105,-70,-35,-55,-30,-40,-50,20,55,1
-20,-75,-125,-90,-55,-75,-50,-60,-70,0,1
-60,-80,-135,-185,-150,-115,-135,-110,-120,-130,1
20,-40,-60,-115,-165,-130,-95,-115,-90,-100,1
-50,-30,-90,-110,-165,-215,-180,-145,-165,-140,0
0,-50,-30,-90,-110,-165,-215,-180,-145,-165,0
55,55,5,25,-35,-55,-110,-160,-125,-90,0
-10,45,45,-5,15,-45,-65,-120,-170,-135,0
-35,-45,10,10,-40,-20,-80,-100,-155,-205,0
85,50,40,95,95,45,65,5,-15,-70,0
-5,80,45,35,90,90,40,60,0,-20,0
-60,-65,20,-15,-25,30,30,-20,0,-60,0
15,-45,-50,35,0,-10,45,45,-5,15,0
0,15,-45,-50,35,0,-10,45,45,-5,0
0,0,15,-45,-50,35,0,-10,45,45,0
-5,-5,-5,10,-50,-55,30,-5,-15,40,0
25,20,20,20,35,-25,-30,55,20,10,0
5,30,25,25,25,40,-20,-25,60,25,0
-45,-40,-15,-20,-20,-20,-5,-65,-70,15,0
5,-40,-35,-10,-15,-15,-15,0,-60,-65,0
-15,-10,-55,-50,-25,-30,-30,-30,-15,-75,0
90,75,80,35,40,65,60,60,60,75,0
-5,85,70,75,30,35,60,55,55,55,0
10,5,95,80,85,40,45,70,65,65,0
25,35,30,120,105,110,65,70,95,90,0
30,55,65,60,150,135,140,95,100,125,1
-15,15,40,50,45,135,120,125,80,85,1
15,0,30,55,65,60,150,135,140,95,1
-55,-40,-55,-25,0,10,5,95,80,85,1
15,-40,-25,-40,-10,15,25,20,110,95,1
-35,-20,-75,-60,-75,-45,-20,-10,-15,75,1
30,-5,10,-45,-30,-45,-15,10,20,15,1
-75,-45,-80,-65,-120,-105,-120,-90,-65,-55,1
-20,-95,-65,-100,-85,-140,-125,-140,-110,-85,1
10,-10,-85,-55,-90,-75,-130,-115,-130,-100,0
75,85,65,-10,20,-15,0,-55,-40,-55,0
-15,60,70,50,-25,5,-30,-15,-70,-55,0
20,5,80,90,70,-5,25,-10,5,-50,0
-20,0,-15,60,70,50,-25,5,-30,-15,0
50,30,50,35,110,120,100,25,55,20,0
-15,35,15,35,20,95,105,85,10,40,0
25,10,60,40,60,45,120,130,110,35,0
5,30,15,65,45,65,50,125,135,115,1
-35,-30,-5,-20,30,10,30,15,90,100,1
-25,-60,-55,-30,-45,5,-15,5,-10,65,1
-35,-60,-95,-90,-65,-80,-30,-50,-30,-45,1
-25,-60,-85,-120,-115,-90,-105,-55,-75,-55,0
